Year Created,Source,Creator,Thumbnail,Graph Type,Title,Notes,Brief Creator,Brief Title,Source URL,Page #,Historical period,Folder Link,Priority,Status,Website,ID,Domain,Teacher,Slow Reveal Order,Notes
1903,Federal Reserve of St. Louis,U.S. Census Office & Henry Gannett,,Stacked Bar,"Total and Urban Population at Each Census, 1790-1900",,Census_Gannett,Total_Urban_Population_1700_1900,https://fraser.stlouisfed.org/title/statistical-atlas-5588/population-574188,p. 17,THE DEVELOPMENT OF THE INDUSTRIAL UNITED STATES (1870-1900),https://drive.google.com/drive/folders/1XT4SY623hBJEtdhesbu6D_jYAjji3gCU,High,Recreation Complete,On site-ours; on site-not ours; not onsite-ours; not recreated,83,stlouisfed,,,
1903,Federal Reserve of St. Louis,U.S. Census Office & Henry Gannett,,Bar,"Density of Population at Each Census, 1790-1900",Need to check units in full report,Census_Gannett,Density_Population_1700_1900,https://fraser.stlouisfed.org/title/statistical-atlas-5588/population-574188,p. 17,THE DEVELOPMENT OF THE INDUSTRIAL UNITED STATES (1870-1900),https://drive.google.com/drive/folders/1Wl7hexmZeRG4Dnt2h9SHqW8lK7pLVnQE,Medium,Recreation Complete,,84,stlouisfed,,,
1903,Federal Reserve of St. Louis,U.S. Census Office & Henry Gannett,,Bar,"Proportion of Urban to Total Population at Each Census, 1790-1900",Will need to add years,Census_Gannett,Proportion_Urban_Total_Population_1700_1900,https://fraser.stlouisfed.org/title/statistical-atlas-5588/population-574188,p. 17,THE DEVELOPMENT OF THE INDUSTRIAL UNITED STATES (1870-1900),,,Claimed and In Progress,,,stlouisfed,,,
1979,"Annual Consumption of Alcohol contained in all Alcoholic Beverages 
per Capita, in U.S. Gallons",W.J Rorabaugh,,Line,,,,,https://archive.org/details/alcoholicrepubli0000rora/page/8/mode/2up,The Alcoholic republic pg 9,,https://drive.google.com/drive/folders/1BtlCTxfRpGqTq-1BIe-q04aQs_-hoa1R,,Recreation Complete,,85,#N/A,,,
1979,Net Imports per Capita,W.J Rorabaugh,,Line,,,,,"The alcoholic republic, an American tradition : Rorabaugh, W. J : Free Download, Borrow, and Streaming : Internet Archive",The Alcoholic republic pg 101,,,,,,88,#N/A,,,Tabled for now.
1900 c.a.,A series of statistical charts illustrating the condition of the descendants of former African slaves now in residence in the United States of America,Du Bois,,Map,Distribution of Negroes in the United States.,,,,https://www.loc.gov/item/2013650365/,,,,,,"The original picture is on the site, but the recreated version is not. ",,loc,,,
1900 c.a.,A series of statistical charts illustrating the condition of the descendants of former African slaves now in residence in the United States of America,Du Bois,,Graph,Comparative rate of increase of the white and Negro elements of the population of the United States,,,,https://www.loc.gov/resource/ppmsca.33902/,,,,,,"The original picture is on the site, but the recreated version is not. ",,loc,,,
1848,Library of Congress Geography and Map Division Washington,"Pleasonton, Stephen and Filmore, Millard",,Map,A chart exhibiting the lighthouses of the lake coast of the United States of America,,,,"https://www.loc.gov/resource/g3311p.fi000169a/?r=-0.089,-0.015,1.13,0.609,0",,,,,,Not on site: not ours,,loc,,,
1850,Reynolds's political map of the United States,"Reynolds, Williams & J.C. Jones",,Map,The comparative area of the free and slave states and the territory open to slavery or freedom by the repeal of the Missouri Compromise.,,,,"https://www.loc.gov/resource/g3701e.ct000604/?r=0.251,0.083,0.751,0.404,0",,,,,,,,loc,,,
1918,The Woman Voter's Manual,"Forman, S. E., Shuler, Marjorie, Catt, Carrie Chapman",,Chart,Important Legislation in the United States Affecting Women and Children,,,,https://www.loc.gov/resource/rbnawsa.n7111/?sp=3,,,https://drive.google.com/drive/folders/1A9S9LfzDfT_-VZpkaUnwtyM3xainUSME,,Recreation Complete,,49,loc,,,
1914,Emery’s Charts and Maps Showing Growth and Distribution of United States Manufactures (Image Y),"Emery, Arthur",,Chart,"Profits on all manufactures of carriages, wagons & repairs in U.S. since 1849",,,,https://blogs.loc.gov/inside_adams/2013/04/arthur-t-emery-and-his-big-book-of-charts-graphs/?loclr=blogadm,,,,,,,,loc,,,
1914,Emery’s Charts and Maps Showing Growth and Distribution of United States Manufactures (Image X),"Emery, Arthur",,Map,"Manufactures of carriages, wagons & repairs – Total value of products by states 1914",,,,https://blogs.loc.gov/inside_adams/2013/04/arthur-t-emery-and-his-big-book-of-charts-graphs/?loclr=blogadm,,,,,,,,loc,,,
1898,"Statistical atlas of the United States, based upon the results of the eleventh census","Gannett, Henry",,Graph/Chart,Rank of States and Territories by Populaton at each Census 1790-1890,,,,"https://www.loc.gov/resource/g3701gm.gct00010/?sp=10&r=-0.199,-0.021,1.38,0.743,0",,,,,,,,loc,,,
1883,Scribner's statistical atlas of the United States,"Hewes, Fletcher W. (Fletcher Willis), 1838-1910.
 Gannett, Henry, 1846-1914, joint author.",,Timeline/Graph,Supremacy of Parties and Increase of the Popular Vote,,,,"https://www.loc.gov/resource/g3701gm.gct00009/?sp=35&r=-0.124,-0.041,1.428,0.769,0",,,,,,,,loc,,,
1883,Scribner's statistical atlas of the United States,"Hewes, Fletcher W. (Fletcher Willis), 1838-1910.
 Gannett, Henry, 1846-1914, joint author.",,Map/Graph,Presidential Elections,,,,"https://www.loc.gov/resource/g3701gm.gct00009/?sp=37&r=-0.876,-0.011,2.753,1.482,0",,,,,,,,loc,,,
,?,"Playfair, William",,Graph,British Exports and Imports,,,,https://blogs.loc.gov/inside_adams/files/2018/06/Playfair-1.jpg,,,,,,,,loc,,,
1912,Library of Congress Geography and Map Division Washington,"Tooker, M. W.",,Map,"Civil War, 1861-1865",,,,"https://www.loc.gov/resource/g3701s.cw0087600/?r=-0.178,-0.029,1.351,0.727,0",,,,,,,,loc,,,
1864,Library of Congress Geography and Map Division Washington,"Reed, Charles Wellington",,Map,Plan of the Gettysburg battle ground.,,,,"https://www.loc.gov/resource/g3824g.cw0347000/?r=-0.143,0.137,1.489,0.802,0",,,,,,,,loc,,,
1898,"Statistical atlas of the United States, based upon the results of the eleventh censu","Gannet, Henry",,Map,Increase or decrease of the rural population: 1880 to 1890,,,,"https://www.loc.gov/resource/g3701gm.gct00010/?sp=22&r=-0.604,0.007,2.209,1.189,0",,,,,,,,loc,,,
1898,"Statistical atlas of the United States, based upon the results of the eleventh census (Figure 1)","Gannet, Henry",,Chart,Urban and total population at each census,,,,"https://www.loc.gov/resource/g3701gm.gct00010/?sp=8&r=-0.174,0.543,1.303,0.657,0",,,https://drive.google.com/drive/folders/1cs2qgdOySgbp7KxVnH6KqPtXCbRntfkm,,Recreation Complete,,1,loc,,,
1898,"Statistical atlas of the United States, based upon the results of the eleventh census (Figure 3)","Gannet, Henry",,Chart,Number of inhabitants to the square mile at each census,,,,"https://www.loc.gov/resource/g3701gm.gct00010/?sp=8&r=-0.174,0.543,1.303,0.657,1",,,https://drive.google.com/drive/folders/1Wl7hexmZeRG4Dnt2h9SHqW8lK7pLVnQE,Recreation Complete,Recreation Complete,,84.1,loc,,,Duplicate
1880,"Stephenson's Civil War maps, 1989",N/A,,Timeline,Number of inhabitants to the square mile at each census,,,,https://www.loc.gov/item/2005625135/,,,,,,,,loc,,,
1851,"Maury's ""Wind and current charts"" (Series B)","Maury, Matthew Fontaine, E. J.Morris, Charles,",,Map/Chart,Trade Wind Chart of the Atlantic Ocean,,,,https://www.loc.gov/item/2009575918/,,,,,,,,loc,,,
2003,Iraq's Petroleum and Gas Infrastructure,"Washington, D.C. : Central Intelligence Agency, 2003",,Chart,Producing Oilfields,,,,https://www.loc.gov/item/2007629280/,,,,,,,,loc,,,
2003,Iraq's Petroleum and Gas Infrastructure,"Washington, D.C. : Central Intelligence Agency, 2004",,Pie Chart,Types of Iraqi Oil,,,,https://www.loc.gov/item/2007629280/,,,https://drive.google.com/drive/folders/1u5c7tZuuNYo6ZSqErBWkZmNAWP4B9i1Z,,Recreation Complete,,52,loc,,,
2003,Iraq's Petroleum and Gas Infrastructure,"Washington, D.C. : Central Intelligence Agency, 2005",,Map,Iraq's Petrolium and Gas Infrastructure,,,,https://www.loc.gov/item/2007629280/,,,,,,,,loc,,,
2003,Iraq's Petroleum and Gas Infrastructure,"Washington, D.C. : Central Intelligence Agency, 2006",,Table,Crude Oil Production and Exports 1979-2002,,,,https://www.loc.gov/item/2007629280/,,,,,,,,loc,,,
2003,Iraq's Petroleum and Gas Infrastructure,"Washington, D.C. : Central Intelligence Agency, 2007",,Map,Distribution of Iraq's Main Ethnoreligious Groups,,,,https://www.loc.gov/item/2007629280/,,,,,,,,loc,,,
2003,Iraq's Petroleum and Gas Infrastructure,"Washington, D.C. : Central Intelligence Agency, 2008",,Chart,Estimated Share of World Oil Production,,,,https://www.loc.gov/item/2007629280/,,,,,,,,loc,,,
2003,Iraq's Petroleum and Gas Infrastructure,"Washington, D.C. : Central Intelligence Agency, 2009",,Table,Oil Export Capacity and Refining Capacity,,,,https://www.loc.gov/item/2007629280/,,,,,,,,loc,,,
2003,Iraq's Petroleum and Gas Infrastructure,"Washington, D.C. : Central Intelligence Agency, 2010",,Chart,"Iraqi Oil Exports Under Phases 9,10,11,12 and 13",,,,https://www.loc.gov/item/2007629280/,,,,,,,51,loc,,,
2003,Iraq's Petroleum and Gas Infrastructure,"Washington, D.C. : Central Intelligence Agency, 2011",,Chart,Crude Oil Production and Projections,,,,https://www.loc.gov/item/2007629280/,,,https://drive.google.com/drive/folders/1GRabz9nK81DY-3CfG8j6DTCP2Awa_m8l,,Recreation Complete,,32,loc,,,
2003,Iraq's Petroleum and Gas Infrastructure,"Washington, D.C. : Central Intelligence Agency, 2012",,Chart,Oil Ministry Production Goals,,,,https://www.loc.gov/item/2007629280/,,,,,,,60,loc,,,
2000,Census 2000: New York Profile,U.S. Census Bureau,,Map,Population Density by Census Tract,,,,https://www.loc.gov/item/2003623746/,,,,,,,,loc,,,
2000,Census 2000: New York Profile,U.S. Census Bureau,,Chart,State Race' Breakdown,,,,https://www.loc.gov/item/2003623746/,,,,,,,,loc,,,
2000,Census 2000: New York Profile,U.S. Census Bureau,,Chart,Population by Sex and Age,,,,https://www.loc.gov/item/2003623746/,,,,,,,,loc,,,
1918,American National Red Cross photograph collection (Library of Congress),American Red Cross?,,Graph,Chart showing comparison of infant mortality in Europe and the United States,,,,https://www.loc.gov/item/2017681952/,,,https://drive.google.com/drive/folders/10-0lSy6Lt07Wv9Zzz6r-vGthW7_2q05n,,Recreation Complete,,72,loc,,,
1918,American National Red Cross photograph collection (Library of Congress),American Red Cross?,,Graph,"Chart showing mortality by Tuberculosis of all forms in England, France and the United States, during the years 1906 to 1913",,,,https://www.loc.gov/item/2017681955/,,,https://drive.google.com/drive/folders/1gjcaaiHj1MTKVnaCOtj-b5qtzg_9rtC0,,Recreation Complete,,73,loc,,,
1900,The Georgia Negro Collection/Exhibition (Plate 1),DuBois,,Map,The Georgia Negro A social study,,,,https://www.loc.gov/item/2013650420/,,,,,,,,loc,,,
1900,The Georgia Negro Collection/Exhibition (Plate 2),Du Bois,,Map,Relative Negro population of the states of the United States.,,,,https://www.loc.gov/item/2013650421/,,,,,,,,loc,,,
1505,Geographic manuscripts in the Bavarian State Library,Italy:N//A,,Map,Portolan Chart,,,,https://www.loc.gov/item/2021668460/,,,,,,,,loc,,,
1866,Popular and applied graphic art print filing series (Library of Congress),"Dow, Lorenzo",,Chart,The Union War Chart,,,,https://www.loc.gov/item/2018757086/,,,,,,,,loc,,,
1900,The Georgia Negro Collection/Exhibition (Plate 3),Du Bois,,Chart,The States of the United States According to Their Negro Population,,,,https://www.loc.gov/item/2013650422/,,,,,,,,loc,,,
1900,The Georgia Negro Collection/Exhibition (Plate 4),Du Bois,,Chart,Negro Population of Georgia,,,,https://www.loc.gov/item/2013650423/,,,,,,,,loc,,,
1900,The Georgia Negro Collection/Exhibition (Plate 5),Du Bois,,Map,Negro Population of Georgia by Counties,,,,https://www.loc.gov/item/2013650424/,,,,,,,,loc,,,
1900,The Georgia Negro Collection/Exhibition (Plate 6),Du Bois,,Map,Negro Population of Georgia by Counties (plate 6),,,,https://www.loc.gov/item/2013650425/,,,,,,,,loc,,,
1900,The Georgia Negro Collection/Exhibition (Plate 7),Du Bois,,Graph,Comparative Increase of White and Colored Population of Georgia,,,,https://www.loc.gov/resource/ppmsca.33869/,,,,,,,,loc,,,
1900,The Georgia Negro Collection/Exhibition (Plate 8),Du Bois,,Map,Migration of Negroes 1890,,,,https://www.loc.gov/item/2013650427/,,,,,,,,loc,,,
1900,The Georgia Negro Collection/Exhibition (Plate 9),Du Bois,,Map,Age Distribution of Georgia Negroes Compared With France,,,,https://www.gisweekatncstate.org/data-visualization-exhibits/%5Bthe-georgia-negro%5D-age-distribution-of-georgia-negroes-compared-with-france,,,,,,,,gisweekatncstate,,,
1900,The Georgia Negro Collection/Exhibition (Plate 10),Du Bois,,Chart,Conjugal Condition,,,,https://www.loc.gov/resource/ppmsca.33872/,,,,,,,,loc,,,
1900,The Georgia Negro Collection/Exhibition (Plate 11),Du Bois,,Other,City and Rural Population- 1890.,,,,https://www.loc.gov/item/2013650430/,,,,,,,,loc,,,
1900,The Georgia Negro Collection/Exhibition (Plate 12),Du Bois,,Other,Slaves and Free Negroes.,,,,https://www.loc.gov/pictures/item/2013650431/,,,,,,,,loc,,,
1900,The Georgia Negro Collection/Exhibition (Plate 13),Du Bois,,Chart,Race Amalgamation in Georgia,,,,https://www.loc.gov/item/2013650432/,,,,,,,,loc,,,
1900,The Georgia Negro Collection/Exhibition (Plate 14),Du Bois,,Other,Illiteracy,,,,https://www.loc.gov/resource/ppmsca.33876/,,,,,,,,loc,,,
1900,The Georgia Negro Collection/Exhibition (Plate 15),Du Bois,,Chart,Negro Children Enrolled in the Public Schools,,,,https://www.loc.gov/item/2013650434/,,,,,,,,loc,,,
1900,The Georgia Negro Collection/Exhibition (Plate 16),Du Bois,,Other,Negro Teachers in Georgia Public Schoois,,,,https://www.loc.gov/item/2013650435/,,,,,,,,loc,,,
1900,The Georgia Negro Collection/Exhibition (Plate 17),Du Bois,,Other,Number of Negro Students Taking Various Courses of Study Offered in Georgia Public Schools,,,,https://www.loc.gov/item/2013650436/,,,,,,,,loc,,,
1900,The Georgia Negro Collection/Exhibition (Plate 18),Du Bois,,Other,Value of Land Owned by Georgia Negroes,,,,https://www.loc.gov/item/2013650437/,,,,,,,,loc,,,
1900,The Georgia Negro Collection/Exhibition (Plate 19),Du Bois,,Chart,Acres of Land Owned by Negroes in Georgia,,,,https://www.loc.gov/item/2013650438/,,,,,,,,loc,,,
1900,The Georgia Negro Collection/Exhibition (Plate 20),Du Bois,,Map,"Land Owned by Negroes in Georgia, U.S.A. 1870-1900",,,,https://www.loc.gov/item/2013650439/,,,,,,,,loc,,,
1900,The Georgia Negro Collection/Exhibition (Plate 21),Du Bois,,Graph,Valuation of Town and City Property Owned by Georgia Negroes,,,,https://www.loc.gov/resource/ppmsca.33883/,,,,,,,,loc,,,
1900,The Georgia Negro Collection/Exhibition (Plate 22),Du Bois,,Other,Assessed Valuation of all Taxable Property Owned by Georgia Negroes,,,,https://www.loc.gov/item/2013650442/,,,,,,,,loc,,,
1900,The Georgia Negro Collection/Exhibition (Plate 23),Du Bois,,Map,Negro Property in Two Cities of Georgia,,,,https://www.loc.gov/item/2013650443/,,,,,,,,loc,,,
1900,The Georgia Negro Collection/Exhibition (Plate 24),Du Bois,,Chart,Value of Farming Tools,,,,https://loc.getarchive.net/media/the-georgia-negro-value-of-farming-tools,,,,,,,,getarchive,,,
1900,The Georgia Negro Collection/Exhibition (Plate 25),Du Bois,,Other,Assessed Value of Household and Kitchen Furniture Owned by Georgia Negroes,,,,https://www.loc.gov/item/2013650445/,,,,,,,,loc,,,
1900,The Georgia Negro Collection/Exhibition (Plate 26),Du Bois,,Other,Occupations of Georgia Negroes,,,,https://www.loc.gov/item/2013650447/,,,,,,,,loc,,,
1900,The Georgia Negro Collection/Exhibition (Plate 27),Du Bois,,Chart,Occupations of Negroes and Whites in Georgia,,,,https://www.loc.gov/item/2005676812/,,,,,,,,loc,,,
1990,The Georgia Negro Collection/Exhibition (Plate 28),Du Bois,,Chart,Occupations.,,,,,,,,,,,,#N/A,,,
1990,The Georgia Negro Collection/Exhibition (Plate 29),Du Bois,,Chart,Occupations and Income. ,,,,,,,,,,,,#N/A,,,
1900,The Georgia Negro Collection/Exhibition (Plate 30),Du Bois,,Other,"Condition of 300 Negro Farm Tenants After 1 Years Toil, 1898",,,,https://www.loc.gov/pictures/resource/ppmsca.33892/?co=anedub,,,,,,,,loc,,,
,,,,,,,,,,,,,,,,,#N/A,,,
,,,,,,,,,,,,,,,,,#N/A,,,
,,,,,,,,,,,,,,,,,#N/A,,,
,,,,,,,,,,,,,,,,,#N/A,,,
,,,,,,,,,,,,,,,,,#N/A,,,
,,,,,,,,,,,,,,,,,#N/A,,,
1900,The Georgia Negro Collection/Exhibition (Plate 31),Du Bois,,Chart,"Income and Expenditure of 150 Negro Families in Atlanta, G.A., U.S.A.",,,,https://www.loc.gov/pictures/item/2013650354/,,,,,,,,loc,,,
,The Georgia Negro Collection/Exhibition (Plate 32),Du Bois,,,Family Budgets,,,,,,,,,,,,#N/A,,,
,The Georgia Negro Collection/Exhibition (Plate 33),Du Bois,,,(Family Budgets Backside of page),,,,,,,,,,,,#N/A,,,
,The Georgia Negro Collection/Exhibition (Plate 34),Du Bois,,,"Albany, Dougherty County, GA",,,,,,,https://drive.google.com/drive/folders/1GARQFFrIJ_LFyqPIgVdDofNoghAvrRag,,Recreation Complete,,36,#N/A,,,
,The Georgia Negro Collection/Exhibition (Plate 35),Du Bois,,,"Mcintosh County, Georgia.",,,,,,,,,,,,#N/A,,,
,The Georgia Negro Collection/Exhibition (Plate 36),Du Bois,,,"Darien, Mcintosh CO., GA.",,,,,,,,,,,,#N/A,,,
1900,The Georgia Negro Collection/Exhibition (Plate 37),Du Bois,,Chart,A Series of Statistical Charts Illustrating the Condition of the Descendants of Former African American Slaves now Resident in the United States of America,,,,https://www.loc.gov/pictures/item/2005676836/,,,,,,,,loc,,,
1900,The Georgia Negro Collection/Exhibition (Plate 38),Du Bois,,Map,Distribution of Negroes in the United States.,,,,https://www.loc.gov/item/2013650365,,,https://drive.google.com/drive/folders/1MonR2-mSf6tBQP-FRziPlpiFZDD_9Xax,,Recreation Complete,,37,loc,,,
1900,The Georgia Negro Collection/Exhibition (Plate 39),Du Bois,,Chart,Increase of the Negro Population in the United States of Ameica,,,,https://www.loc.gov/item/2013650366/,,,,,,,,loc,,,
1900,The Georgia Negro Collection/Exhibition (Plate 40),Du Bois,,Graph,Comparative rate of increase of the white and Negro elements of the population of the United States,,,,https://www.loc.gov/resource/ppmsca.33902/,,,https://drive.google.com/drive/folders/1Nc5DhvoS4Qo7B_Vd-dBAnOTTpJWXyOpp,,Recreation Complete,,80,loc,,,
1900,The Georgia Negro Collection/Exhibition (Plate 41),Du Bois,,Map,Negro Population of the United States Compared With the Total Population of Other Countries,,,,https://medium.com/nightingale/discovering-a-new-chart-from-w-e-b-du-boiss-the-exhibition-of-american-negros-part-6-66e7b340b90c,,,,,,,,#N/A,,,
1900,The Georgia Negro Collection/Exhibition (Plate 42),Du Bois,,Map,Proportion of Negroes in the Total Population of the United States,,,,https://medium.com/nightingale/discovering-a-new-chart-from-w-e-b-du-boiss-the-exhibition-of-american-negros-part-6-66e7b340b90c,,,,,,,,#N/A,,,
1900,The Georgia Negro Collection/Exhibition (Plate 43),Du Bois,,Chart,Occupations in Which American Negroes are Engaged,,,,https://medium.com/nightingale/discovering-a-new-chart-from-w-e-b-du-boiss-the-exhibition-of-american-negros-part-6-66e7b340b90c,,,,,,,,#N/A,,,
1900,The Georgia Negro Collection/Exhibition (Plate 44),Du Bois,,Other,Proportion of White and Negroes in the Different Classes of Occupation in the United States,,,,https://medium.com/nightingale/discovering-a-new-chart-from-w-e-b-du-boiss-the-exhibition-of-american-negros-part-6-66e7b340b90c,,,,,,,,#N/A,,,
1900,The Georgia Negro Collection/Exhibition (Plate 45),Du Bois,,Other,"Occupations in Which 10,000 or More American Negros are Engaged",,,,https://medium.com/nightingale/discovering-a-new-chart-from-w-e-b-du-boiss-the-exhibition-of-american-negros-part-6-66e7b340b90c,,,,,,,,#N/A,,,
1900,The Georgia Negro Collection/Exhibition (Plate 46),Du Bois,,Chart,Number of Negro Teachers in the Public Schools of the United States,,,,https://medium.com/nightingale/data-journalism-in-the-study-of-w-e-b-du-bois-the-negro-problem-part-2-of-4-e5ea9b976adc,,,,,,,,#N/A,,,
1900,The Georgia Negro Collection/Exhibition (Plate 47),Du Bois,,Chart,Illiteracy of the American Negroes Compared With That of Other Nations,,,,https://www.loc.gov/item/2014645352/,,,https://drive.google.com/drive/folders/1LWiEfeI9He5y43WyMmITy9g3E-J7b5sB,,Recreation Complete,,58,loc,,,
1900,The Georgia Negro Collection/Exhibition (Plate 48),Du Bois,,Chart,Enrollment of the Negro Commom Schools of the Former Slave States of the United States,,,,https://www.loc.gov/item/2014645353/,,,,,,,,loc,,,
1900,The Georgia Negro Collection/Exhibition (Plate 49),Du Bois,,Chart,Proportion of total Negro children of school age who are enrolled in the public schools,,,,https://www.gisweekatncstate.org/data-visualization-exhibits/%5Ba-series-of-statistical-charts-illustrating-the-condition-of-the-descendants-of-former-african-slaves-now-in-residence-in-the-united-states-of-america%5D-proportion-of-total-negro-children-of-school-age-who-are-enrolled-in-the-public-schools,,,,,,,,gisweekatncstate,,,
1900,The Georgia Negro Collection/Exhibition (Plate 50),Du Bois,,Other,The Rise of the Negroes From Slavery to Freedom in One Generation,,,,https://www.loc.gov/item/2014645355/,,,,,,,,loc,,,
1900,The Georgia Negro Collection/Exhibition (Plate 51),Du Bois,,Graph,Proportion of Freemen and Slaves of American Negroes,,,,https://www.loc.gov/item/2014645356/,,,,,,,,loc,,,
1900,The Georgia Negro Collection/Exhibition (Plate 52),Du Bois,,Chart,City and Rural Population Among American Negroes in the Former Slave States,,,,https://www.loc.gov/item/2014645357/,,,,,,,,loc,,,
1900,The Georgia Negro Collection/Exhibition (Plate 53),Du Bois,,Other,Conjugal Condition of American Negroes According to Age Periods,,,,https://www.loc.gov/pictures/item/2014645358/,,,,,,,,loc,,,
1900,The Georgia Negro Collection/Exhibition (Plate 54),Du Bois,,Other,The Amalgamation of the White and Black Elements of the Population in the United States,,,,https://www.loc.gov/item/2014645360/,,,,,,,,loc,,,
1900,The Georgia Negro Collection/Exhibition (Plate 55),Du Bois,,Other,Proprietes Contribuables Des Negres Dans Trois Etats des Etats Unis,,,,https://www.loc.gov/resource/ppmsca.33917/?loclr=blogmap,,,,,,,,loc,,,
1900,The Georgia Negro Collection/Exhibition (Plate 56),Du Bois,,Chart,Negro Landholders in Various States of the United States,,,,https://loc.getarchive.net/media/a-series-of-statistical-charts-illustrating-the-condition-of-the-descendants-7,,,https://drive.google.com/drive/folders/1GBoKFlZs_oL8BBPopT596CJxCD2Ij_gj,,Recreation Complete,,35,getarchive,,,
1900,The Georgia Negro Collection/Exhibition (Plate 57),Du Bois,,Other,Negro Business Men in the United States,,,,https://www.loc.gov/item/2014645363/,,,,,,,,loc,,,
1900,The Georgia Negro Collection/Exhibition (Plate 58),Du Bois,,Other,Pauperism Among American Negroes,,,,https://www.loc.gov/item/2014645375/,,,,,,,,loc,,,
1900,The Georgia Negro Collection/Exhibition (Plate 59),Du Bois,,Other,Morality of American Negroes,,,,https://www.loc.gov/item/2014645374/,,,,,,,,loc,,,
1900,The Georgia Negro Collection/Exhibition (Plate 60),Du Bois,,Other,Crime Among American Negroes,,,,https://www.loc.gov/item/2014645376/,,,,,,,,loc,,,
1900,The Georgia Negro Collection/Exhibition (Plate 61),Du Bois,,Other,American Negro Newspapers and Periodicals,,,,https://medium.com/nightingale/the-legacy-of-w-e-b-du-bois-the-exhibit-of-american-negroes-part-5-6b735a426c68,,,,,,,,#N/A,,,
1900,The Georgia Negro Collection/Exhibition (Plate 62),Du Bois,,Other,Religion of American Negroes,,,,https://www.gisweekatncstate.org/data-visualization-exhibits/%5Ba-series-of-statistical-charts-illustrating-the-condition-of-the-descendants-of-former-african-slaves-now-in-residence-in-the-united-states-of-america%5D-religion-of-american-negroes,,,,,,,,gisweekatncstate,,,
1900,The Georgia Negro Collection/Exhibition (Plate 63),Du Bois,,Other,Statistics of Negro Church Organizations,,,,https://www.loc.gov/item/2014645379/,,,,,,,,loc,,,
1913,W.E.B. Du Bois’s The Georgia Negro: A Social Study (Figure 2),Du Bois,,Chart,Morality From Consumption- General Population,,,,https://blogs.scientificamerican.com/sa-visual/w-e-b-du-bois-scientific-american-and-data-stories-of-the-early-1900s/,,,https://drive.google.com/drive/folders/1Pg1PoCprZrSitjaBirbkVjMHFvUw1N04,,Recreation Complete,,30,scientificamerican,,,
1912,W.E.B. Du Bois’s The Georgia Negro: A Social Study (Figure 3),Du Bois,,Chart,Morality of American Negros,,,,https://blogs.scientificamerican.com/sa-visual/w-e-b-du-bois-scientific-american-and-data-stories-of-the-early-1900s/,,,,,,,,scientificamerican,,,
1912,W.E.B. Du Bois’s The Georgia Negro: A Social Study (Figure 4),Du Bois,,Map,Percentage of Increase in Urban Populations 1900-1910,,,,https://blogs.scientificamerican.com/sa-visual/w-e-b-du-bois-scientific-american-and-data-stories-of-the-early-1900s/,,,,,,,,scientificamerican,,,
1912,W.E.B. Du Bois’s The Georgia Negro: A Social Study (Figure 6),Du Bois,,Chart,Population of Europe,,,,https://blogs.scientificamerican.com/sa-visual/w-e-b-du-bois-scientific-american-and-data-stories-of-the-early-1900s/,,,https://drive.google.com/drive/folders/1MQ1lATY9Didb4ARNqDslw8YZSORcsA-l,,Recreation Complete,,40,scientificamerican,,,
2016,United States Census Burean (Figure 1),U.S. Census Bureau,,Chart,"Voters Among the Total, Citizen, and Registered
 Voting-Age Populations: 2016",,,,https://www.census.gov/content/dam/Census/library/publications/2018/demo/P20-582.pdf,,,,,,,,census,,,
2016,United States Census Bureau (Figure 2),U.S. Census Bureau,,Chart,"Composition of American Voters by Age: Presidential Elections, 1980–2016",,,,https://www.census.gov/content/dam/Census/library/publications/2018/demo/P20-582.pdf,,,,,,,,census,,,
2016,United States Census Bureau (Figure 3),U.S. Census Bureau,,Chart,"Composition of American Voters by Race and Hispanic Origin: Presidential Elections, 1980–2016",,,,https://www.census.gov/content/dam/Census/library/publications/2018/demo/P20-582.pdf,,,,,,,,census,,,
2016,United States Census Bureau (Figure 4),U.S. Census Bureau,,Chart,"Composition of American Voters by Educational Attainment: Presidential Elections, 1980–2016",,,,https://www.census.gov/content/dam/Census/library/publications/2018/demo/P20-582.pdf,,,,,,,,census,,,
2016,United States Census Bureau (Figure 5),U.S. Census Bureau,,Chart,"Composition of American Voters by Sex: Presidential Elections, 1980–2016",,,,https://www.census.gov/content/dam/Census/library/publications/2018/demo/P20-582.pdf,,,,,,,,census,,,
2016,United States Census Bureau (Figure 6),U.S. Census Bureau,,Chart,Composition of American Voters by Age and Race and Hispanic Origin: 2016,,,,https://www.census.gov/content/dam/Census/library/publications/2018/demo/P20-582.pdf,,,,,,,,census,,,
2016,United States Census Bureau (Figure 7),U.S. Census Bureau,,Chart,Composition of American Voters by Educational Attainment and Race and Hispanic Origin: 2016,,,,https://www.census.gov/content/dam/Census/library/publications/2018/demo/P20-582.pdf,,,,,,,,census,,,
2016,United States Census Bureau (Figure 8),U.S. Census Bureau,,Chart,Composition of American Voters by Age and Educational Attainment: 2016,,,,https://www.census.gov/content/dam/Census/library/publications/2018/demo/P20-582.pdf,,,,,,,,census,,,
2016,United States Census Bureau (Figure 9),U.S. Census Bureau,,Chart,"Alternative Method of Voting, by Race and Hispanic Origin: 1996 to 2016",,,,https://www.census.gov/content/dam/Census/library/publications/2018/demo/P20-582.pdf,,,,,,,,census,,,
2016,United States Census Bureau (Figure 10),U.S. Census Bureau,,Chart,"Reasons for Not Voting: Presidential Elections, 2000–2016",,,,https://www.census.gov/content/dam/Census/library/publications/2018/demo/P20-582.pdf,,,,,,,,census,,,
2016,United States Census Bureau (Figure 11),U.S. Census Bureau,,Chart,"Reasons for Not Registering: Presidential Elections, 2004–2016",,,,https://www.census.gov/content/dam/Census/library/publications/2018/demo/P20-582.pdf,,,https://drive.google.com/drive/folders/1RRuXcHMgVA_E0TeeqG8TSC5ktqALR5q3,,Recreation Complete,,79,census,,,
?,Primary Sources- Placing Events in History,Army General Douglas MacArthur and Navy Admiral Chester Nimitz along with Admiral William “Bull” Halsey,,Map,Island Hopping in the Pacific – WWII,,,,https://sites.wp.odu.edu/primary-sources/sources-and-more/world-war-ii-in-the-pacific/,,,,,,,,wp,,,
1786,"The Commercial and Political Atlas: Representing, by Means of Stained Copper-Plate Charts, the Progress of the Commerce, Revenues, Expenditure and Debts of England during the Whole of the Eighteenth Century.","Playfair, William",,Graph,Exports and Imports to and from Denmark and Norway from 1700 to 1780,,,,https://commons.wikimedia.org/wiki/William_Playfair#/media/File:Playfair_TimeSeries.png,,,,,,,,wikimedia,,,
1786,,"Playfair, William",,Graph,Interest of the British national debt in the 18th Century,,,,NO LINK,,,,,,,,#N/A,,,
1824,The Commercial and Political Atlas,"Playfair, William",,Graph/Timeline,"Linear Chronology, Exhibiting the Revenues, Expenditure, Debt, Price of Stocks & Bread, from 1770 to 1824, 1824",,,,https://upload.wikimedia.org/wikipedia/commons/2/21/Linear_Chronology%2C_Exhibiting_the_Revenues%2C_Expenditure%2C_Debt%2C_Price_of_Stocks_%26_Bread%2C_from_1770_to_1824%2C_1824.jpg,,,,,,,,wikimedia,,,
1786,The Commercial and Political Atlas,"Playfair, William",,Graph,Export & Import to and from all North America from 1700 to 1800,,,,"https://commons.wikimedia.org/wiki/William_Playfair#/media/File:1786_Playfair_-_5_Export_&_Import_to_and_from_all_North_America_from_1700_to_1800_(from_3e_edition,_1801).jpg",,,,,,,,wikimedia,,,
1805,The Commercial and Political Atlas,"Playfair, William",,Chart,Chart of Universal Commercial History by William Playfair,,,,https://3wqjvwh65v-flywheel.netdna-ssl.com/wp-content/uploads/2018/05/Chart-of-Universal-Commercial-History-web.jpg,,,,,,,,netdna-ssl,,,
1872,LOC,"Walker, Francis",,Chart,Fiscal chart of the United States showing the course of the public debt by years from 1789 to 1870,,,,https://www.loc.gov/resource/g3701gm.gct00297/?sp=81,,,https://drive.google.com/drive/folders/1mI5VBaiAFB1BgLAynkKAeClKH6NAdf58,,Recreation Complete,,76,loc,,,
1869,?,"Mindard, Charles",,Chart,Napolean's Attack on Russia,,,,https://www.nealvonflue.com/wp-content/uploads/2018/04/Minard-napolean-chart3.jpg,,,https://drive.google.com/drive/folders/1DgBJHeZAZV2QCbDxsEeuCRaWpK_gpeMa,,Recreation Complete,,57,nealvonflue,,,
1857,?,"Nightengale, Florence",,Chart,Crimean War,,,,https://www.nealvonflue.com/wp-content/uploads/2018/04/nightgales-croatia.jpg,,,https://drive.google.com/drive/folders/1fEHcerZ0q6EjIsJM6GW8f5TaSM9utPlU,,Recreation Complete,,31,nealvonflue,,,
1918,The Woman Voter's Manual,"Catt, Carrie Chapman",,Map,Victory Map of 1917,,,,https://www.loc.gov/resource/rbnawsa.n7111/?sp=26,,,https://drive.google.com/drive/folders/1-RWOJ4UL5gj028UMRfLhkKvNoHzh_q2X,,Recreation Complete,,22,loc,,,
1894,African American Pamphlet Collection,"Gannett, Henry",,Graph,Rates of increase of white and negro population,,,,https://www.loc.gov/resource/rbaapc.10601/?sp=9,,,https://drive.google.com/drive/folders/1d_lJTvAGP30xvZh8cAcxIDzsSYIYusjq,,Recreation Complete,,63,loc,,,
1894,African American Pamphlet Collection,"Gannett, Henry",,Maps,Proportion of Negroes to Total Population in 1890,,,,https://www.loc.gov/resource/rbaapc.10601/?sp=15,,,,,,,,loc,,,
1894,African American Pamphlet Collection,"Gannett, Henry",,Maps,Density of Negro Population in 1890,,,,https://www.loc.gov/resource/rbaapc.10601/?sp=15,,,https://drive.google.com/drive/folders/1u8hcP9x-q_nWocjOFRU1mJ2tZea0L1-p,,Recreation Complete,,21,loc,,,
1894,African American Pamphlet Collection,"Gannett, Henry",,Graphs,Proportion of Negroes to Total Population in 1890,,,,https://www.loc.gov/resource/rbaapc.10601/?sp=18,,,https://drive.google.com/drive/folders/1yH2X6nmfltj0N3dHYC21uJIHAfVMiXiM,,Recreation Complete,,59,loc,,,
1894,African American Pamphlet Collection,"Gannett, Henry",,Multiple Graphs for each Southern State,Statistics of the Negroes in the United States,,,,https://www.loc.gov/resource/rbaapc.10601/?sp=25,,,,,,,,loc,,,
1894,African American Pamphlet Collection,"Gannett, Henry",,Map,Map of Former Slave States Showing Increase and Decrease of Negro Population,,,,https://www.loc.gov/resource/rbaapc.10601/?sp=28,,,,,,,,loc,,,
1894,African American Pamphlet Collection,"Gannett, Henry",,Other,Conjugal condition of the negro element,,,,https://www.loc.gov/resource/rbaapc.10601/?sp=31,,,,,,,,loc,,,
1898,"Statistical atlas of the United States, based upon the results of the eleventh census","Gannett, Henry",,Maps,Accessions of teritory,,,,"https://www.loc.gov/resource/g3701gm.gct00010/?sp=7&r=-0.445,-0.262,1.917,1.42,0",,,,,,,,loc,,,
1898,"Statistical atlas of the United States, based upon the results of the eleventh census","Gannett, Henry",,Maps,Center of population at each Census,,,,"https://www.loc.gov/resource/g3701gm.gct00010/?sp=9&r=0.164,0.166,1.104,0.818,0",,,,,,,,loc,,,
1898,"Statistical atlas of the United States, based upon the results of the eleventh census (Figure 6)","Gannett, Henry",,Graph,Population of Each State and Territory :1890,,,,"https://www.loc.gov/resource/g3701gm.gct00010/?sp=11&r=-0.526,-0.091,1.921,1.423,0",,,https://drive.google.com/drive/folders/1qRZrzBq2ZtaTJiq-PN6BdVVPH33Uycui,,Recreation Complete,,2,loc,,,
1898,"Statistical atlas of the United States, based upon the results of the eleventh census (Figure 8)","Gannett, Henry",,Graph,Number of inhabitants to the square mile by State and Territories: 1890.,,,,"https://www.loc.gov/resource/g3701gm.gct00010/?sp=11&r=-0.526,-0.091,1.921,1.423,1",,,,,,,,loc,,,
1898,"Statistical atlas of the United States, based upon the results of the eleventh census","Gannett, Henry",,Graphs for each state,Total population of the present area of the states and territories at each census in millions,,,,https://www.loc.gov/resource/g3701gm.gct00010/?sp=12,,,,,,,,loc,,,
1898,"Statistical atlas of the United States, based upon the results of the eleventh census","Gannett, Henry",,Graphs,Total population of the present area of the states and territories at each census in millions (Continued),,,,https://www.loc.gov/resource/g3701gm.gct00010/?sp=13,,,,,,,,loc,,,
1898,"Statistical atlas of the United States, based upon the results of the eleventh census","Gannett, Henry",,Maps,Population of the United States (Excluding Indians not taxed):1790 to 1820,,,,"https://www.loc.gov/resource/g3701gm.gct00010/?sp=15&r=0.001,-0.04,1.338,0.991,0",,,,,,,,loc,,,
1898,"Statistical atlas of the United States, based upon the results of the eleventh census","Gannett, Henry",,Maps,Population of the United States (Excluding Indians not taxed):1830 to 1860,,,,https://www.loc.gov/resource/g3701gm.gct00010/?sp=16,,,,,,,,loc,,,
1898,"Statistical atlas of the United States, based upon the results of the eleventh census","Gannett, Henry",,Maps,Population of the United States (Excluding Indians not taxed):1870 to 1880,,,,https://www.loc.gov/resource/g3701gm.gct00010/?sp=17,,,,,,,,loc,,,
1898,"Statistical atlas of the United States, based upon the results of the eleventh census","Gannett, Henry",,Map,Distribution of the population of the United States: 1890,,,,https://www.loc.gov/resource/g3701gm.gct00010/?sp=18,,,,,,,,loc,,,
1898,"Statistical atlas of the United States, based upon the results of the eleventh census","Gannett, Henry",,Graphs,Population of Urban to total population by States and Territoties - historical: 1790 - 1890,,,,https://www.loc.gov/resource/g3701gm.gct00010/?sp=19,,,https://drive.google.com/drive/folders/1-qWYQHoj6INFw1V9jW1WCfgXY2LCqKIe,,Recreation Complete,,4,loc,,,
1898,"Statistical atlas of the United States, based upon the results of the eleventh census (Figure 21)","Gannett, Henry",,Graph,Total and Urban Population by State and Territories: 1890,,,,https://www.loc.gov/resource/g3701gm.gct00010/?sp=20,,,https://drive.google.com/drive/folders/1AIkXg8oHfYuh_YJZ1oy01EITv-4Ecofo,,Recreation Complete,,3,loc,,,
1898,"Statistical atlas of the United States, based upon the results of the eleventh census (Figure 24)","Gannett, Henry",,Graph,Increase of Population of the Great Cities : 1800 to 1890,,,,https://www.loc.gov/resource/g3701gm.gct00010/?sp=21,,,,,,,,loc,,,
1898,"Statistical atlas of the United States, based upon the results of the eleventh census","Gannett, Henry",,Other,Rank of the most populous cities at each census: 1790 - 1890,,,,https://www.loc.gov/resource/g3701gm.gct00010/?sp=21,,,,,,,,loc,,,
1898,"Statistical atlas of the United States, based upon the results of the eleventh census (Figure 25)","Gannett, Henry",,Map,Increase or decrease of the rural population: 1880 to 1890,,,,https://www.loc.gov/resource/g3701gm.gct00010/?sp=22,,,,,,,,loc,,,
1898,"Statistical atlas of the United States, based upon the results of the eleventh census (Figure 28)","Gannett, Henry",,Map,The predominating sex: 1890,,,,https://www.loc.gov/resource/g3701gm.gct00010/?sp=23,,,,,,,,loc,,,
1898,"Statistical atlas of the United States, based upon the results of the eleventh census (Figure 26)","Gannett, Henry",,Graph,Population: size of families: sex: color and race,,,,https://www.loc.gov/resource/g3701gm.gct00010/?sp=24,,,,,,,,loc,,,
1898,"Statistical atlas of the United States, based upon the results of the eleventh census (Figure 31)","Gannett, Henry",,Graphs,Percentage of whites and negroes in certain states at each census: 1790-1890,,,,https://www.loc.gov/resource/g3701gm.gct00010/?sp=25,,,https://drive.google.com/drive/folders/1fM1lKFNvO08X6cjEben_c3BgdCF2vEfz,,Recreation Complete,,62,loc,,,
1898,"Statistical atlas of the United States, based upon the results of the eleventh census (Figure 29)","Gannett, Henry",,Map,Distribution of the colored population of the united states: 1890,,,,https://www.loc.gov/resource/g3701gm.gct00010/?sp=26,,,,,,,,loc,,,
1898,"Statistical atlas of the United States, based upon the results of the eleventh census (Figure 37)","Gannett, Henry",,Graph,"Foreign born population, by states and territories: 1890",,,,"
https://www.loc.gov/resource/g3701gm.gct00010/?sp=29",,,https://drive.google.com/drive/folders/1NgkUYFaJoFN2bhb7kjjCPpGwxndWFDoP,,Recreation Complete,,9,loc,,,
1898,"Statistical atlas of the United States, based upon the results of the eleventh census (Figure 32)","Gannett, Henry",,Map,Distribution of the foreign born population of the United Sates : 1890,,,,https://www.loc.gov/resource/g3701gm.gct00010/?sp=30,,,,,,,,loc,,,
1898,"Statistical atlas of the United States, based upon the results of the eleventh census (Figure 33)","Gannett, Henry",,Map,Proportion of the foreign-born population to the aggregate population: 1890,,,,https://www.loc.gov/resource/g3701gm.gct00010/?sp=31,,,,,,,,loc,,,
1898,"Statistical atlas of the United States, based upon the results of the eleventh census (Figure 34)","Gannett, Henry",,Chart,The total population and its elements at each census: 1790 to 1890,,,,https://www.loc.gov/resource/g3701gm.gct00010/?sp=32,,,https://drive.google.com/drive/folders/162QEnHw1swfrkJ1QDhe1Oy9af2rmTfFB,Recreation Complete,Recreation Complete,,6,loc,Sadye,,
1898,"Statistical atlas of the United States, based upon the results of the eleventh census (Figure 35)","Gannett, Henry",,Chart,Constituents of the Population of the States and Territories: 1890.,,,,https://www.loc.gov/resource/g3701gm.gct00010/?sp=33,,,https://drive.google.com/drive/folders/16ur0LBqe-6NUMWP03ICPoPXXVCphP2qS,Recreation Complete,Recreation Complete,,7,loc,Sadye,,
1898,"Statistical atlas of the United States, based upon the results of the eleventh census (Figure 36)","Gannett, Henry",,Chart,Constituents of the Population of the Great Cities: 1890.,,,,https://www.loc.gov/resource/g3701gm.gct00010/?sp=34,,,https://drive.google.com/drive/folders/1NrfGtjEiKf79u7LiC-XLAGLB9JD5ZknE,Recreation Complete,Recreation Complete,,8,loc,Sadye,,
1898,"Statistical atlas of the United States, based upon the results of the eleventh census (Figure 39)","Gannett, Henry",,Chart,Nationalities of the Foreign Born at Each Census: 1850 to 1890,,,,https://www.loc.gov/resource/g3701gm.gct00010/?sp=32,,,https://drive.google.com/drive/folders/1Zbf2BfgKFWeukqgmbzRhf6bv-PMfl7La,Recreation Complete,Recreation Complete,,100,loc,Sadye,,
1898,"Statistical atlas of the United States, based upon the results of the eleventh census (Figure 40)","Gannett, Henry",,Map,Proportion of Whites of foreign parentage to all whites: 1890,,,,https://www.loc.gov/resource/g3701gm.gct00010/?sp=33,,,,,,,,loc,,,
1898,"Statistical atlas of the United States, based upon the results of the eleventh census (Figure 38)","Gannett, Henry",,Chart,"White Population of Foreign Parentage, Including Foreign Born Whites, by States and Territories: 1890.",,,,https://www.loc.gov/resource/g3701gm.gct00010/?sp=34,,,https://drive.google.com/drive/folders/1QOgDt-B-qYyWbIKapowskOH5qy18CVvT,,Recreation Complete,,10,loc,,,
1898,"Statistical atlas of the United States, based upon the results of the eleventh census (Figure 41)","Gannett, Henry",,Chart,Nativity of the Foreign Born Population: 1890.,,,,https://www.loc.gov/resource/g3701gm.gct00010/?sp=35,,,https://drive.google.com/drive/folders/1JanADafsxboBbDLLG-yZQ9SukECnOqA7,,Recreation Complete,,11,loc,,,
1898,"Statistical atlas of the United States, based upon the results of the eleventh census (Figure 42)","Gannett, Henry",,Chart,"Number of Natives of Germanic Nations, By States: 1890.",,,,https://www.loc.gov/resource/g3701gm.gct00010/?sp=36,,,https://drive.google.com/drive/folders/1nOmqVjCr6CdgdVFWKma7odTbJxHyFni6,,Recreation Complete,,12,loc,,,
1898,"Statistical atlas of the United States, based upon the results of the eleventh census (Figure 43)","Gannett, Henry",,Chart,"Number of Natives of Ireland, by States: 1890.",,,,https://www.loc.gov/resource/g3701gm.gct00010/?sp=37,,,https://drive.google.com/drive/folders/1jHMOOta2UcRnXSlWgKrM5HSd0_nKgt6K,,Recreation Complete,,13,loc,,,
1898,"Statistical atlas of the United States, based upon the results of the eleventh census (Figure 44)","Gannett, Henry",,Chart,"Number of Natives of Great Britain, by States: 1890.",,,,https://www.loc.gov/resource/g3701gm.gct00010/?sp=38,,,https://drive.google.com/drive/folders/1FZi0Ug0SLUt9De-XOsILp-57TkfarL7z,,Recreation Complete,,14,loc,,,
1898,"Statistical atlas of the United States, based upon the results of the eleventh census (Figure 45)","Gannett, Henry",,Chart,"Number of Natives of Canada and Newfoundland, by States: 1890.",,,,https://www.loc.gov/resource/g3701gm.gct00010/?sp=39,,,,,,,,loc,,,
1898,"Statistical atlas of the United States, based upon the results of the eleventh census (Figure 46)","Gannett, Henry",,Chart,"Number of Natives of the Scandinavian Nations, By States and Territories: 1890.",,,,https://www.loc.gov/resource/g3701gm.gct00010/?sp=35,,,https://drive.google.com/drive/folders/1GU-w3-BLXJmaDNY6JVydhEFlL0Tucdwx,,Recreation Complete,,16,loc,,,
1898,"Statistical atlas of the United States, based upon the results of the eleventh census (Figure 47)","Gannett, Henry",,Chart,"Number of Natives of the Slav Nations, By States: 1890.",,,,https://www.loc.gov/resource/g3701gm.gct00010/?sp=36,,,https://drive.google.com/drive/folders/1KVFk6jA60hJ5J_u-RJL9xcLTsAwVXBBG,,Recreation Complete,,17,loc,,,
1898,"Statistical atlas of the United States, based upon the results of the eleventh census (Figure 48)","Gannett, Henry",,Chart,"Number of Natives of the Latin Nations, By States: 1890.",,,,"https://www.loc.gov/resource/g3701gm.gct00010/?sp=35&r=0.099,0.236,0.812,0.355,0",,,https://drive.google.com/drive/folders/1Vo-gZQTngN1YKN2miBhZ7LveGDBgeERr,,Recreation Complete,,18,loc,,,
1898,"Statistical atlas of the United States, based upon the results of the eleventh census (Figure 50)","Gannett, Henry",,Other,"Proportion of the Native and Foreign Born in Cities of 25,000 Inhabitants or More: 1890.",,,,https://www.loc.gov/resource/g3701gm.gct00010/?sp=38,,,,,,,,loc,,,
1898,"Statistical atlas of the United States, based upon the results of the eleventh census (Figure 51)","Gannett, Henry",,Chart,"Percentage of Each Nativity in Cities of 25,000 Inhabitants or More: 1890.",,,,https://www.loc.gov/resource/g3701gm.gct00010/?sp=39,,,https://drive.google.com/drive/folders/1wPgNeL78DXSNdahIkWrFjRxf-VbWsMsJ,,Recreation Complete,,19,loc,,,
1898,"Statistical atlas of the United States, based upon the results of the eleventh census (Figure 62)","Gannett, Henry",,Chart,Percentage of Aliens in the Total Foreign Born of Each Specified Nativity,,,,"https://www.loc.gov/resource/g3701gm.gct00010/?sp=35&r=0.059,0.514,0.585,0.256,0",,,https://drive.google.com/drive/folders/1Ej8tHfLToCOVtq7jZ3uSnIJpyrh5xjIF,,Recreation Complete,,20,loc,,,
1898,"Statistical atlas of the United States, based upon the results of the eleventh census (Figure 49)","Gannett, Henry",,Graphs,Composition of the foreign-born population: 1890,,,,https://www.loc.gov/resource/g3701gm.gct00010/?sp=36,,,,,,,,loc,,,
1898,"Statistical atlas of the United States, based upon the results of the eleventh census (Figure 52)","Gannett, Henry",,Map,Density of distribution of the natives of Canada and Newfoundland: 1890,,,,https://www.loc.gov/resource/g3701gm.gct00010/?sp=37,,,,,,,,loc,,,
1898,"Statistical atlas of the United States, based upon the results of the eleventh census (Figure 53)","Gannett, Henry",,Map,Proportion of the Natives of Canada and Newfoundland to the Aggregate Population: 1890.,,,,https://www.loc.gov/resource/g3701gm.gct00010/?sp=38,,,,,,,,loc,,,
1898,"Statistical atlas of the United States, based upon the results of the eleventh census (Figure 54)","Gannett, Henry",,Map,Density of distribution of the natives of Great Britain: 1890,,,,https://www.loc.gov/resource/g3701gm.gct00010/?sp=38,,,,,,,,loc,,,
1898,"Statistical atlas of the United States, based upon the results of the eleventh census (Figure 55)","Gannett, Henry",,Map,Proportion of the Natives of Great Britain to the Aggregate Population: 1890.,,,,https://www.loc.gov/resource/g3701gm.gct00010/?sp=39,,,,,,,,loc,,,
1898,"Statistical atlas of the United States, based upon the results of the eleventh census (Figure 56)","Gannett, Henry",,Map,Density of distribution of the natives of Ireland: 1890,,,,https://www.loc.gov/resource/g3701gm.gct00010/?sp=39,,,,,,,,loc,,,
1898,"Statistical atlas of the United States, based upon the results of the eleventh census (Figure 57)","Gannett, Henry",,Map,Proportion of the Natives of Ireland to the Aggregate Population: 1890.,,,,https://www.loc.gov/resource/g3701gm.gct00010/?sp=40,,,,,,,,loc,,,
1898,"Statistical atlas of the United States, based upon the results of the eleventh census (Figure 58)","Gannett, Henry",,Map,Density of distribution of the natives of the Germanic nations: 1890,,,,https://www.loc.gov/resource/g3701gm.gct00010/?sp=40,,,,,,,,loc,,,
1898,"Statistical atlas of the United States, based upon the results of the eleventh census (Figure 58)","Gannett, Henry",,Map,Proportion of the Natives of the Germanic Nations to the Aggregate Population: 1890.,,,,https://www.loc.gov/resource/g3701gm.gct00010/?sp=41,,,,,,,,loc,,,
1898,"Statistical atlas of the United States, based upon the results of the eleventh census (Figure 26)","Gannett, Henry",,Chart,"Number of Persons To A Family , States and Territories: 1890.",,,,"https://www.loc.gov/resource/g3701gm.gct00010/?sp=24&r=0.474,0.694,0.307,0.14,0",,,https://drive.google.com/drive/folders/17HX6Q8Gjr3ZOCt42XyAF1gh0ourwnwdl,,Recreation Complete,,5,loc,,,
1898,"Statistical atlas of the United States, based upon the results of the eleventh census (Figure Plate 1)","Gannett, Henry",,Chart,Total Population and White and Negro Elements,,,,https://www.loc.gov/resource/rbaapc.10601/?sp=10,,,https://drive.google.com/drive/folders/10KxePOd28qcVJ-fEmYBBw4pdUc5IQlri,,Recreation Complete,,44,loc,,,
1898,"Statistical atlas of the United States, based upon the results of the eleventh census (Figure Plate 2)","Gannett, Henry",,Chart,Proportion of the Negro Element to the Total Population,,,,https://www.loc.gov/resource/rbaapc.10601/?sp=10,,,https://drive.google.com/drive/folders/1AgAWvwHQMbKhwf7PcOtBwH4NA8lb7149,,Recreation Complete,,42,loc,,,
,,Migration Section from U.S. Census Bureau,,,,,,,,,,,,,,,#N/A,,,
2000,"U.S Census Bureau 2000, Page 2, Upper Right",U.S. Census Bureau 2000,,Chart,"Percent of Population 5 and Older by Type of Move, 1995 to 2000",,,,https://www.census.gov/content/dam/Census/library/publications/2007/dec/7_migration.pdf,,,,,,,,census,,,
2000,"U.S Census Bureau 2000, Page 3, Lower Left",U.S. Census Bureau 2000,,Map,"Migration Rate, 1935 to 1940",,,,https://www.census.gov/content/dam/Census/library/publications/2007/dec/7_migration.pdf,,,,,,,56,census,,,
2000,"U.S Census Bureau 2000, Page 3, Lower Middle",U.S. Census Bureau 2000,,Map,"Migration Rate, 1965 to 1970",,,,https://www.census.gov/content/dam/Census/library/publications/2007/dec/7_migration.pdf,,,,,,,56,census,,,
2000,"U.S Census Bureau 2000, Page 3, Lower Right",U.S. Census Bureau 2000,,Map,"Migration Rate, 1995 to 2000",,,,https://www.census.gov/content/dam/Census/library/publications/2007/dec/7_migration.pdf,,,,,,,56,census,,,
2000,"U.S Census Bureau 2000, Page 4, Upper Middle",U.S. Census Bureau 2000,,Map,"Migrants (millions) by Type and Region, 1995 to 2000",,,,https://www.census.gov/content/dam/Census/library/publications/2007/dec/7_migration.pdf,,,https://drive.google.com/drive/folders/1zibTYiEHnsLZ3b3pCbPQ9L9t0PNSlXmH,,Recreation Complete,,75,census,,,
2000,"U.S Census Bureau 2000, Page 4, Lower Left",U.S. Census Bureau 2000,,Map,Population Living in Different States in 1995 and 2000,,,,https://www.census.gov/content/dam/Census/library/publications/2007/dec/7_migration.pdf,,,,,,,,census,,,
2000,"U.S Census Bureau 2000, Page 5",U.S. Census Bureau 2000,,Map,Migration Between California and Other States 1955 to 1960 and 1995 to 2000,,,,https://www.census.gov/content/dam/Census/library/publications/2007/dec/7_migration.pdf,,,,,,,,census,,,
2000,"U.S Census Bureau 2000, Page 6, Upper Left",U.S. Census Bureau 2000,,Map,"Migration, 1965 to 1970",,,,https://www.census.gov/content/dam/Census/library/publications/2007/dec/7_migration.pdf,,,,,,,,census,,,
2000,"U.S Census Bureau 2000, Page 6, Upper Right",U.S. Census Bureau 2000,,Map,"Migration, 1975 to 1980",,,,https://www.census.gov/content/dam/Census/library/publications/2007/dec/7_migration.pdf,,,,,,,,census,,,
2000,"U.S Census Bureau 2000, Page 6, Lower Left",U.S. Census Bureau 2000,,Map,"Migration, 1985 to 1990",,,,https://www.census.gov/content/dam/Census/library/publications/2007/dec/7_migration.pdf,,,,,,,,census,,,
2000,"U.S Census Bureau 2000, Page 6, Lower Right",U.S. Census Bureau 2000,,Map,"Migration, 1995 to 2000",,,,https://www.census.gov/content/dam/Census/library/publications/2007/dec/7_migration.pdf,,,,,,,,census,,,
2000,"U.S Census Bureau 2000, Page 7, Top",U.S. Census Bureau 2000,,Map,"Regional Migration, 1955 to 1960",,,,https://www.census.gov/content/dam/Census/library/publications/2007/dec/7_migration.pdf,,,,,,,,census,,,
2000,"U.S Census Bureau 2000, Page 7, Bottom",U.S. Census Bureau 2000,,Map,"Regional Migration, 1995 to 2000",,,,https://www.census.gov/content/dam/Census/library/publications/2007/dec/7_migration.pdf,,,,,,,,census,,,
2000,"U.S Census Bureau 2000, Page 8, Top",U.S. Census Bureau 2000,,Map,"Migration Rate, 1995 to 2000 (Population 18 to 64)",,,,https://www.census.gov/content/dam/Census/library/publications/2007/dec/7_migration.pdf,,,,,,,,census,,,
2000,"U.S Census Bureau 2000, Page 8, Bottom",U.S. Census Bureau 2000,,Map,"Migration Rate, 1995 to 2000 (Population 65 and older)",,,,https://www.census.gov/content/dam/Census/library/publications/2007/dec/7_migration.pdf,,,,,,,,census,,,
2000,"U.S Census Bureau 2000, Page 9, Top",U.S. Census Bureau 2000,,Map,"Migartion, 1995 to 2000 (Population 25 to 39)",,,,https://www.census.gov/content/dam/Census/library/publications/2007/dec/7_migration.pdf,,,,,,,,census,,,
2000,"U.S Census Bureau 2000, Page 9, Bottom",U.S. Census Bureau 2000,,Map,"Migration, 1995 to 2000 (Population 65 and older)",,,,https://www.census.gov/content/dam/Census/library/publications/2007/dec/7_migration.pdf,,,,,,,,census,,,
2000,"U.S Census Bureau 2000, Page 10, Top",U.S. Census Bureau 2000,,Map,"Migration Rate, 1995 to 2000 (Native Population)",,,,https://www.census.gov/content/dam/Census/library/publications/2007/dec/7_migration.pdf,,,,,,,,census,,,
2000,"U.S Census Bureau 2000, Page 10, Bottom",U.S. Census Bureau 2000,,Map,"Migration Rate, 1995 to 2000 (Foriegn-Born Population)",,,,https://www.census.gov/content/dam/Census/library/publications/2007/dec/7_migration.pdf,,,,,,,,census,,,
2000,"U.S Census Bureau 2000, Page 11, Top",U.S. Census Bureau 2000,,Map,"Outmigration of the Foreign Born, 1995 to 2000 (California, New York, and Texas)",,,,https://www.census.gov/content/dam/Census/library/publications/2007/dec/7_migration.pdf,,,,,,,,census,,,
2000,"U.S Census Bureau 2000, Page 11, Bottom",U.S. Census Bureau 2000,,Map,"Outmigration of the Foreign Born, 1995 to 2000 (Florida, Illinois, and New Jersey)",,,,https://www.census.gov/content/dam/Census/library/publications/2007/dec/7_migration.pdf,,,,,,,,census,,,
2000,"U.S Census Bureau 2000, Page 12, Upper Left",U.S. Census Bureau 2000,,Map,"Migration Rate, 1995 to 2000 (White Non-Hispanic Population)",,,,https://www.census.gov/content/dam/Census/library/publications/2007/dec/7_migration.pdf,,,,,,,,census,,,
2000,"U.S Census Bureau 2000, Page 12, Upper Right",U.S. Census Bureau 2000,,Map,"Migration Rate, 1995 to 2000 (Black Population)",,,,https://www.census.gov/content/dam/Census/library/publications/2007/dec/7_migration.pdf,,,,,,,,census,,,
2000,"U.S Census Bureau 2000, Page 12, Lower Left",U.S. Census Bureau 2000,,Map,"Migration Rate, 1995 to 2000 (American Indian and Alska Native Population)",,,,https://www.census.gov/content/dam/Census/library/publications/2007/dec/7_migration.pdf,,,,,,,,census,,,
2000,"U.S Census Bureau 2000, Page 12, Lower Right",U.S. Census Bureau 2000,,Map,"Migration Rate, 1995 to 2000 (Asian Population)",,,,https://www.census.gov/content/dam/Census/library/publications/2007/dec/7_migration.pdf,,,,,,,,census,,,
2000,"U.S Census Bureau 2000, Page 13, Upper Left",U.S. Census Bureau 2000,,Map,"Migration Rate, 1995 to 2000 (Pacific Islander Population)",,,,https://www.census.gov/content/dam/Census/library/publications/2007/dec/7_migration.pdf,,,,,,,,census,,,
2000,"U.S Census Bureau 2000, Page 13, Upper Right",U.S. Census Bureau 2000,,Map,"Migration Rate, 1995 to 2000 (Two or More Races Population)",,,,https://www.census.gov/content/dam/Census/library/publications/2007/dec/7_migration.pdf,,,,,,,,census,,,
2000,"U.S Census Bureau 2000, Page 13, Lower Left",U.S. Census Bureau 2000,,Map,"Migration Rate, 1995 to 2000 (Hispanic Population)",,,,https://www.census.gov/content/dam/Census/library/publications/2007/dec/7_migration.pdf,,,,,,,,census,,,
2000,"U.S Census Bureau 2000, Page 14, Top",U.S. Census Bureau 2000,,Map,"Householders Living in the Same Home for Over 30 Years, 2000",,,,https://www.census.gov/content/dam/Census/library/publications/2007/dec/7_migration.pdf,,,,,,,,census,,,
2000,"U.S Census Bureau 2000, Page 14, Bottom",U.S. Census Bureau 2000,,Map,"Householders Who Were Recent Movers, 2000",,,,https://www.census.gov/content/dam/Census/library/publications/2007/dec/7_migration.pdf,,,,,,,,census,,,
2000,"U.S Census Bureau 2000, Page 15, Upper Left",U.S. Census Bureau 2000,,Map,Population Living in the Same Home in 1995 and 2000,,,,https://www.census.gov/content/dam/Census/library/publications/2007/dec/7_migration.pdf,,,,,,,,census,,,
2000,"U.S Census Bureau 2000, Page 15, Upper Right",U.S. Census Bureau 2000,,Map,Population Living in Different States in 1995 to 2000,,,,https://www.census.gov/content/dam/Census/library/publications/2007/dec/7_migration.pdf,,,,,,,,census,,,
2000,"U.S Census Bureau 2000, Page 15, Lower Left",U.S. Census Bureau 2000,,Map,"Percent Residing in State of Birth, 2000",,,,https://www.census.gov/content/dam/Census/library/publications/2007/dec/7_migration.pdf,,,,,,,,census,,,
2000,"U.S Census Bureau 2000, Page 15, Lower Left",U.S. Census Bureau 2000,,Map,"Percent Residing in State of Birth, 2000",,,,https://www.census.gov/content/dam/Census/library/publications/2007/dec/7_migration.pdf,,,,,,,,census,,,
??? 1900-1930,"Northwestern University, NATMAP1","Kelley, Florence",,Chart,Hull House Nationality Map 1,,,,https://homicide.northwestern.edu/docs_fk/homicide/HullHouse/NATMAP1.pdf,,,https://drive.google.com/drive/folders/1f0QIOXjQXNo1nxYdmj3IVIJmJF1Ls2OY,Recreation Complete,Recreation Complete,,47,northwestern,,,
??? 1900-1930,"Northwestern University, WAGEMAP1","Kelley, Florence",,Chart,Hull House Wage Map 1 ,,,,https://homicide.northwestern.edu/docs_fk/homicide/HullHouse/WAGEMAP1.pdf,,,https://drive.google.com/drive/folders/1WH_h5rw1NWJN3P06OCWg_lvMX7ROhjSl,Recreation Complete,Recreation Complete,,48,northwestern,,,
1854,UCLA,"Snow, John",,Map,Cholera Map,,,,https://upload.wikimedia.org/wikipedia/commons/2/27/Snow-cholera-map-1.jpg,,,https://drive.google.com/drive/folders/1G840O7Rzptm5tdCSYIpom8kfuH4hm5yF,,Recreation Complete,,28,wikimedia,,,
1900 c.a.,Dubois Book,Du Bois,,Map,"Distribution of Negros in Dougherty County, Albany",,,,Needs Book,,,,,,,,#N/A,,,
2024,"Historical Differences in Female-Owned Manufacturing Establishments: The United States, 1850-1880","Ruveyda Gozen, Richard Hornbeck, Anders Humlum, and Martin Rotemberg",,Chart,"Figure 2, Panel A. Female Ownership Shares Across the 10 Most-Common Industries",,,,https://bfi.uchicago.edu/wp-content/uploads/2024/06/BFI_WP_2024-73.pdf,pg. 7,,https://drive.google.com/drive/folders/1JITiXX5rh8hcqGrVPd4siBB3p4JMxMgO,,Recreation Complete,,86,uchicago,,,
2024,"Historical Differences in Female-Owned Manufacturing Establishments: The United States, 1850-1880","Ruveyda Gozen, Richard Hornbeck, Anders Humlum, and Martin Rotemberg",,Chart,"Figure 2, Panel B. Female Ownership Shares Across the 10 Most-Common Industries",,,,https://bfi.uchicago.edu/wp-content/uploads/2024/06/BFI_WP_2024-73.pdf,pg. 7,,https://drive.google.com/drive/folders/1LfU7L4vfxej47T7pN5NDWv4ADzH8W6tm,,Recreation Complete,,87,uchicago,,,
1898,Rank of the most populous cities at each census: 1790-1890 Copy 1,"U.S. Census Bureau, Henry Gannett",,Chart,Rank of the most populous cities at each census: 1790-1890,Mock-up here: https://docs.google.com/presentation/d/14hn9BYoacmMFSJEP3zvs9TGGS9woKqRLy_HB4TxErf4/edit?usp=sharing,,,"https://www.loc.gov/resource/g3701gm.gct00010/?sp=21&r=0.087,0.058,0.777,0.425,0",pg. 21,,https://drive.google.com/drive/folders/1bKcR7AboMtCaIMtZVK3XLSN67m0jBQ9b,,Recreation Complete,,89,loc,,,
1900,"Federal Reserve Bank of St. Louis, Fraser","U.S. Census Bureau, Henry Gannett",,Chart,Rank of states and territories in population at each census: 1790 - 1890,,,,https://fraser.stlouisfed.org/title/statistical-atlas-5588/statistical-atlas-574198?page=83&deep=true,pg. 83,,https://drive.google.com/drive/folders/1w55dGA9-aVSWzW7tKtDTDc5qPH6mutqZ,,Recreation Complete,,90,stlouisfed,,,
1898,"Statistical atlas of the United States, based upon the results of the eleventh census (Figure 9)","U.S. Census Bureau, Henry Gannett",,Chart,Rank of the most populous cities at each census: 1790-1900,,,,"https://www.loc.gov/resource/g3701gm.gct00010/?sp=10&r=0.113,-0.107,0.764,0.418,0",pg. 10,,https://drive.google.com/drive/folders/1rS1wQfRSDo7wbYXywG2GOz6IS_gwU6Lb,,Recreation Complete,,91,loc,,,
1898,"Statistical atlas of the United States, based upon the results of the eleventh census (Figure 9)","U.S. Census Bureau, Henry Gannett",,Chart,Rank of states and territories in population at each census: 1790 - 1900,,,,https://fraser.stlouisfed.org/title/statistical-atlas-5588/statistical-atlas-574198?page=82&deep=true,pg. 82,,https://drive.google.com/drive/folders/1XwOI-qk8J6uU16vRrEaW2oTRN0i1izgs,,Recreation Complete,,92,stlouisfed,,,
2022,Timeline: The Domestication of Animals,Visual Capitalist,,Chart,Timeline: The Domestication of Animals,,,,https://www.visualcapitalist.com/the-domestication-of-animals/,,,https://drive.google.com/drive/folders/11D5YDTBLyS16iLIJph-CaCDU9xDQlxAa,,Recreation Complete,,25,visualcapitalist,,,
1894,"Image 15 of Statistics of the Negroes in the United States,","U.S. Census Bureau, Henry Gannett",,Map,Proportion of Negros to Total Population in 1890,,,,https://www.loc.gov/resource/rbaapc.10601/?sp=15,15,,https://drive.google.com/drive/folders/1gbTAo8S8HklDlmz2wXoZu9bBOoEWkUmT,,Recreation Complete,,93,loc,,,
1894,"Image 15 of Statistics of the Negroes in the United States,","U.S. Census Bureau, Henry Gannett",,Map,Density of Negro Population in 1890,,,,https://www.loc.gov/resource/rbaapc.10601/?sp=15,15,,https://drive.google.com/drive/folders/1iqgARXN_LQ677p7wJ3zMgS_rrlONmN5Z,,Recreation Complete,,94,loc,,,
1903,Federal Reserve of St. Louis,U.S. Census Office & Henry Gannett,,pie charts,The Total Population and its Elements at Each Census,,,,https://fraser.stlouisfed.org/title/statistical-atlas-5588/population-574189?page=13&deep=true,p. 13,,https://drive.google.com/drive/folders/1Nz-yxEYy3-O509hwdcMeN8F87E4VMfDQ,,Slow Reveal Lesson Complete,,95,stlouisfed,Amanda,"1.        Show the outline of all of the pie charts
2.        Show the grey slice in all of the pie charts
3.        Show the pink slice in all of the pie charts
4.        Show the green, orange, and yellow slices in all of the pie charts
5.        Display the year above each circle
6.        Add a label at the top: The Total Population and Its Elements at Each Census
7.        Show the legend for:
o        1790–1840
o        1850–1900 (updated color key)
",
1860,Library of Congress,"Rulison, Duane.
King & Baird.",,choropleth map,National political chart & map of the United States.,,,,https://www.loc.gov/item/2012586610/,,,https://drive.google.com/drive/folders/1mN5lgYAUMDxAPa8H3k2onHafWemEajaA,,Slow Reveal Lesson Complete,,96,loc,Larry,,"Focus on the map portion, not the surrounding text/images"
1860,Library of Congress,"Rulison, Duane.
King & Baird.",,choropleth map,National political chart & map of the United States.,,,,,,,https://drive.google.com/drive/folders/1a5MpFO1lxH5jKe9TGDyPMEyn4nvufr_H,,Slow Reveal Lesson Complete,,102,#N/A,Larry,,Secondary Map
1903,Federal Reserve of St. Louis,U.S. Census Office & Henry Gannett,,choropleth map,Proportion of Foreign-Born to Total Population of the United States at the Twelfth Census,,,,https://fraser.stlouisfed.org/title/statistical-atlas-5588/population-574189?page=39,,,,High,,,97,stlouisfed,Sadye,"Just the colors no words/borders, no little side squares for the key
Borders of US 
Words on the map 
Legend colors 
Legend numbers
Map title  
",Not possible at this time
1898,Library of Congress,U.S. Census Office & Henry Gannett,,stacked 100% bars and pie charts,Visualizations 34 of eleventh census,,,,"https://www.loc.gov/resource/g3701gm.gct00010/?sp=32&st=image&r=-0.214,-0.478,1.578,1.42,0",,,,High,,,98,loc,Sadye,"Colors only 
Outline for all charts 
First set of circles words and info in the upper left corner
Words and info on the upper right  corner 
Words and info on bottom left corner 
Words and info on bottom right corner 
Title reveal 
",Need to follow up as all in one slide would be impossible for students to see. Does Sadye want all four?
1856,Library of Congress,Elizabeth Palmer Peabody,,Waffle-like plot,"Chronological history of the United States, arranged with plates on Bem's principle",,,,"https://www.loc.gov/resource/gdcmassbookdig.chronologicalhis00peab/?sp=139&st=image&pdfPage=undefined&r=-0.808,-0.625,2.615,2.242,0",,,https://drive.google.com/drive/folders/15GLOtHXlHGklr5yMYSW-IvVetZ6x8NH6,,Slow Reveal Lesson Complete,,99,loc,Katie,"1: the empty 10x10 grid
2: add dark red spaces
3: add green and bright red spaces
4: add yellow spaces
5: add F/U/W in 1789 space at lower right
6: add years 1705 and 1751
7: add additional years
",See more details: https://hdsr.mitpress.mit.edu/pub/oraonikr/release/3   and    https://www.loc.gov/resource/gdcmassbookdig.chronologicalhis00peab/?sp=18
,Guide to U.S. Elections: 1860,,,Map,,Special Request from Teacher Partner,,,,,,,,,,101,#N/A,,,
1920,,Sam L. Rodgers,,Line Chart,"Philadelphia, femalee: Annual death rate per 100,000 estimated population, from influenza and pneumonia",Data on page 38,,,https://www2.census.gov/library/publications/1920/demographics/1918-special-mortality-tables.pdf,p. 24,,,Medium,Claimed and In Progress,,103,census,,,
2018,"Pollution, Infectious Disease, and Mortality: Evidence from the 1918 Spanish Influenza Pandemic","Karen Clay, Joshua Lewis, Edson Severini",,Line Chart,"Influenza and Pneumonia Death Rates, March 1918–June 1919","Scholarly Article, Figure 1",,,https://www.cambridge.org/core/journals/journal-of-economic-history/article/pollution-infectious-disease-and-mortality-evidence-from-the-1918-spanish-influenza-pandemic/8A69CC00A169F36B11A49113404C93B0,,,,,,,104,cambridge,,,
1922,Bill Files of the Committee on the Judiciary,Colored Women’s Clubs of Michigan,,Map,Red Record of Lynching Map,,,,https://catalog.archives.gov/id/149268727,,,,,,,105,archives,,,